{
  "Total" : {
    "transaction" : "Total",
    "sampleCount" : 1080,
    "errorCount" : 36,
    "errorPct" : 3.3333333,
    "meanResTime" : 28199.311111111125,
    "medianResTime" : 27186.0,
    "minResTime" : 161.0,
    "maxResTime" : 69916.0,
    "pct1ResTime" : 49579.1,
    "pct2ResTime" : 67939.5,
    "pct3ResTime" : 68668.71,
    "throughput" : 14.915890948263955,
    "receivedKBytesPerSec" : 6914.927535895678,
    "sentKBytesPerSec" : 1.9994674129215808
  },
  "HTTP Request" : {
    "transaction" : "HTTP Request",
    "sampleCount" : 1080,
    "errorCount" : 36,
    "errorPct" : 3.3333333,
    "meanResTime" : 28199.311111111125,
    "medianResTime" : 27186.0,
    "minResTime" : 161.0,
    "maxResTime" : 69916.0,
    "pct1ResTime" : 49579.1,
    "pct2ResTime" : 67939.5,
    "pct3ResTime" : 68668.71,
    "throughput" : 14.915890948263955,
    "receivedKBytesPerSec" : 6914.927535895678,
    "sentKBytesPerSec" : 1.9994674129215808
  }
}